﻿<?xml version="1.0" encoding="utf-8" standalone="yes"?>
<Orders>
  <order>
    <pile>
      <Type>Oreo Mix</Type>
      <Date_and_Time>08/12/2022 22:43:55</Date_and_Time>
      <Size>16 oz</Size>
      <Sugar_level>0%</Sugar_level>
      <Product_name>Matcha Oreo Mix</Product_name>
      <Add-ons>N/A</Add-ons>
      <Price>80</Price>
      <User>admin</User>
    </pile>
  </order>
  <order>
    <pile>
      <Type>Oreo Mix</Type>
      <Date_and_Time>08/12/2022 22:43:55</Date_and_Time>
      <Size>16 oz</Size>
      <Sugar_level>0%</Sugar_level>
      <Product_name>Matcha Oreo Mix</Product_name>
      <Add-ons>N/A</Add-ons>
      <Price>80</Price>
      <User>admin</User>
    </pile>
  </order>
  <order>
    <pile>
      <Type>Oreo Mix</Type>
      <Date_and_Time>08/12/2022 22:43:55</Date_and_Time>
      <Size>16 oz</Size>
      <Sugar_level>0%</Sugar_level>
      <Product_name>Okinawa Oreo Mix</Product_name>
      <Add-ons>N/A</Add-ons>
      <Price>80</Price>
      <User>admin</User>
    </pile>
  </order>
  <order>
    <pile>
      <Type>Oreo Mix</Type>
      <Date_and_Time>08/12/2022 22:43:56</Date_and_Time>
      <Size>16 oz</Size>
      <Sugar_level>0%</Sugar_level>
      <Product_name>Strawberry Oreo Mix</Product_name>
      <Add-ons>N/A</Add-ons>
      <Price>80</Price>
      <User>admin</User>
    </pile>
  </order>
  <order>
    <pile>
      <Type>Oreo Mix</Type>
      <Date_and_Time>08/12/2022 22:43:56</Date_and_Time>
      <Size>16 oz</Size>
      <Sugar_level>0%</Sugar_level>
      <Product_name>Strawberry Oreo Mix</Product_name>
      <Add-ons>N/A</Add-ons>
      <Price>80</Price>
      <User>admin</User>
    </pile>
  </order>
  <order>
    <pile>
      <Type>Oreo Mix</Type>
      <Date_and_Time>08/12/2022 22:43:57</Date_and_Time>
      <Size>16 oz</Size>
      <Sugar_level>0%</Sugar_level>
      <Product_name>Matcha Oreo Mix</Product_name>
      <Add-ons>CJ EP RSnC PB</Add-ons>
      <Price>155</Price>
      <User>admin</User>
    </pile>
  </order>
</Orders>